"id","name","type","nullable","format","is_cde","data_object_id","version_id","is_primary_key","is_business_key"
"019e0488-9a53-7ccd-902e-899cfb85a7d0","customer_id","string","false","uuid","true","019e0488-9a53-7c72-af10-87d726eef784","019e0488-9a53-7392-8d9a-b1ecfd6a5d6b","true","false"
"019e0488-9a53-7f33-b333-14e6fae3d50f","email","string","false","email","true","019e0488-9a53-7c72-af10-87d726eef784","019e0488-9a53-7392-8d9a-b1ecfd6a5d6b","false","false"
"019e0488-9a53-710b-b822-08204a402c44","first_name","string","false","","false","019e0488-9a53-7c72-af10-87d726eef784","019e0488-9a53-7392-8d9a-b1ecfd6a5d6b","false","false"
"019e0488-9a53-7258-a061-19afed55efd2","last_name","string","false","","false","019e0488-9a53-7c72-af10-87d726eef784","019e0488-9a53-7392-8d9a-b1ecfd6a5d6b","false","false"
"019e0488-9a53-78db-aeb7-a60beced0250","customer_id","string","false","uuid","true","019e0488-9a53-7c72-af10-87d726eef784","019e0488-9a53-7a41-86dc-5b725064f27d","true","false"
"019e0488-9a53-744e-b68c-0feaf129ede4","email","string","false","email","true","019e0488-9a53-7c72-af10-87d726eef784","019e0488-9a53-7a41-86dc-5b725064f27d","false","false"
"019e0488-9a53-7c96-8f62-47e08ba45345","first_name","string","false","","false","019e0488-9a53-7c72-af10-87d726eef784","019e0488-9a53-7a41-86dc-5b725064f27d","false","false"
"019e0488-9a53-7a4b-93d8-777facfff87e","last_name","string","false","","false","019e0488-9a53-7c72-af10-87d726eef784","019e0488-9a53-7a41-86dc-5b725064f27d","false","false"
"019e0488-9a53-7915-8b5d-d6b72b3b9077","created_at","timestamp","false","","false","019e0488-9a53-7c72-af10-87d726eef784","019e0488-9a53-7392-8d9a-b1ecfd6a5d6b","false","false"
"019e0488-9a53-7b1b-81b8-a60841f88de4","phone","string","true","phone","true","019e0488-9a53-7c72-af10-87d726eef784","019e0488-9a53-7a41-86dc-5b725064f27d","false","false"
"019e0488-9a53-76ec-8f8a-b263a2136165","customer_segment","string","true","","false","019e0488-9a53-7c72-af10-87d726eef784","019e0488-9a53-7a41-86dc-5b725064f27d","false","false"
"019e0488-9a53-7410-ba50-aea39fc9b58c","lifetime_value","decimal","true","","false","019e0488-9a53-7c72-af10-87d726eef784","019e0488-9a53-7a41-86dc-5b725064f27d","false","false"
"019e0488-9a53-7d41-979f-ae9daa02ad7e","preferred_language","string","true","","false","019e0488-9a53-7c72-af10-87d726eef784","019e0488-9a53-7a7f-8cde-a785bd046bc9","false","false"
"019e0488-9a53-7554-b60c-62fe13342371","is_active","boolean","false","","false","019e0488-9a53-7c72-af10-87d726eef784","019e0488-9a53-7a7f-8cde-a785bd046bc9","false","true"
"019e0488-9a53-7df1-90b7-d96058de14ec","contact_id","string","false","uuid","false","019e0488-9a53-7203-b971-1ca3f76a4c1f","019e0488-9a53-7fff-b124-7b814204e320","true","false"
"019e0488-9a53-79c3-8e14-06f9a3dfa970","customer_id","string","false","uuid","true","019e0488-9a53-7203-b971-1ca3f76a4c1f","019e0488-9a53-7fff-b124-7b814204e320","false","false"
"019e0488-9a53-74d2-9129-9e4f3cc622a5","contact_type","string","false","","false","019e0488-9a53-7203-b971-1ca3f76a4c1f","019e0488-9a53-7fff-b124-7b814204e320","false","false"
"019e0488-9a53-71b4-ba4d-cf639eb8a55e","phone_number","string","true","","true","019e0488-9a53-7203-b971-1ca3f76a4c1f","019e0488-9a53-7fff-b124-7b814204e320","false","false"
"019e0488-9a53-7ab8-bcc7-2a00dd42e3ec","email_address","string","true","email","true","019e0488-9a53-7203-b971-1ca3f76a4c1f","019e0488-9a53-7fff-b124-7b814204e320","false","false"
"019e0488-9a53-7b3f-83d9-6908c17f14bf","contact_id","string","false","uuid","false","019e0488-9a53-7203-b971-1ca3f76a4c1f","019e0488-9a53-7696-a119-0df02b990033","true","false"
"019e0488-9a53-73f8-8adf-bebfda001367","customer_id","string","false","uuid","true","019e0488-9a53-7203-b971-1ca3f76a4c1f","019e0488-9a53-7696-a119-0df02b990033","false","false"
"019e0488-9a53-7a3d-a945-34c7f6dce7b5","contact_type","string","false","","false","019e0488-9a53-7203-b971-1ca3f76a4c1f","019e0488-9a53-7696-a119-0df02b990033","false","false"
"019e0488-9a53-7088-8971-51578b6b096e","phone_number","string","true","","true","019e0488-9a53-7203-b971-1ca3f76a4c1f","019e0488-9a53-7696-a119-0df02b990033","false","false"
"019e0488-9a53-75a7-b925-3bdb39996b40","email_address","string","true","email","true","019e0488-9a53-7203-b971-1ca3f76a4c1f","019e0488-9a53-7696-a119-0df02b990033","false","false"
"019e0488-9a53-78da-b1bd-adc94123419e","is_primary","boolean","false","","false","019e0488-9a53-7203-b971-1ca3f76a4c1f","019e0488-9a53-7696-a119-0df02b990033","false","false"
"019e0488-9a53-7bf1-8d71-685ed98b6ee4","verified_at","timestamp","true","","false","019e0488-9a53-7203-b971-1ca3f76a4c1f","019e0488-9a53-7696-a119-0df02b990033","false","false"
"019e0488-9a53-79e8-8be0-2e346f48d3c8","order_id","string","false","uuid","true","019e0488-9a53-7a36-bc19-d93e75ef1e05","019e0488-9a53-7b0a-a08c-60cd62239d27","true","false"
"019e0488-9a53-747d-a37c-e3092e7d428f","customer_id","string","false","uuid","true","019e0488-9a53-7a36-bc19-d93e75ef1e05","019e0488-9a53-7b0a-a08c-60cd62239d27","false","false"
"019e0488-9a53-7471-8a53-6792ae8cce60","order_date","date","false","","false","019e0488-9a53-7a36-bc19-d93e75ef1e05","019e0488-9a53-7b0a-a08c-60cd62239d27","false","false"
"019e0488-9a53-7f01-a813-28c764c95409","total_amount","decimal","false","","true","019e0488-9a53-7a36-bc19-d93e75ef1e05","019e0488-9a53-7b0a-a08c-60cd62239d27","false","false"
"019e0488-9a53-792f-b3e5-9677d7d5e1d4","status","string","false","","false","019e0488-9a53-7a36-bc19-d93e75ef1e05","019e0488-9a53-7b0a-a08c-60cd62239d27","false","false"
"019e0488-9a53-78d6-825b-b7ec93cc8f9f","currency","string","false","","false","019e0488-9a53-7a36-bc19-d93e75ef1e05","019e0488-9a53-7b0a-a08c-60cd62239d27","false","false"
"019e0488-9a53-76fd-9bbb-e3a5c75c9f58","discount_amount","decimal","true","","false","019e0488-9a53-7a36-bc19-d93e75ef1e05","019e0488-9a53-7f31-9445-917a81329425","false","false"
"019e0488-9a53-7074-9cf2-7ed79b5202b9","shipping_cost","decimal","true","","false","019e0488-9a53-7a36-bc19-d93e75ef1e05","019e0488-9a53-7f31-9445-917a81329425","false","false"
"019e0488-9a53-7458-91e8-a3f42b5a7fb3","delivery_date","date","true","","false","019e0488-9a53-7a36-bc19-d93e75ef1e05","019e0488-9a53-7f31-9445-917a81329425","false","false"
"019e0488-9a53-7945-8d57-e9b8e796702a","transaction_id","string","false","uuid","true","019e0488-9a53-785b-990e-2f4738a0f9eb","019e0488-9a53-7f7a-ab20-e34001592518","true","false"
"019e0488-9a53-77c3-be52-1605fe3c024f","order_id","string","false","uuid","true","019e0488-9a53-785b-990e-2f4738a0f9eb","019e0488-9a53-7f7a-ab20-e34001592518","false","false"
"019e0488-9a53-7fd4-9ca2-014d3d0f6e48","amount","decimal","false","","true","019e0488-9a53-785b-990e-2f4738a0f9eb","019e0488-9a53-7f7a-ab20-e34001592518","false","false"
"019e0488-9a53-722e-80ff-f4c5efb49f76","currency","string","false","","false","019e0488-9a53-785b-990e-2f4738a0f9eb","019e0488-9a53-7f7a-ab20-e34001592518","false","false"
"019e0488-9a53-7336-9820-399b867a18c3","payment_method","string","false","","false","019e0488-9a53-785b-990e-2f4738a0f9eb","019e0488-9a53-7f7a-ab20-e34001592518","false","false"
"019e0488-9a53-70d5-a1d4-4b3286c7654f","status","string","false","","false","019e0488-9a53-785b-990e-2f4738a0f9eb","019e0488-9a53-7f7a-ab20-e34001592518","false","false"
"019e0488-9a53-7bc6-8a29-497d06c8782a","timestamp","timestamp","false","","false","019e0488-9a53-785b-990e-2f4738a0f9eb","019e0488-9a53-7f7a-ab20-e34001592518","false","false"
"019e0488-9a53-7ac4-becc-875bc375cf10","fee_amount","decimal","true","","false","019e0488-9a53-785b-990e-2f4738a0f9eb","019e0488-9a53-76be-ab52-240e4250f6a4","false","false"
"019e0488-9a53-7fe8-a4eb-7d834c3170b4","settlement_date","date","true","","false","019e0488-9a53-785b-990e-2f4738a0f9eb","019e0488-9a53-76be-ab52-240e4250f6a4","false","false"
"019e0488-9a53-7faf-8f8f-43206f062680","gateway_reference","string","true","","false","019e0488-9a53-785b-990e-2f4738a0f9eb","019e0488-9a53-76be-ab52-240e4250f6a4","false","false"
"019e0488-9a53-7711-8987-66c38a6394b9","product_id","string","false","uuid","false","019e0488-9a53-7dd4-91fb-42cbc0ac809a","019e0488-9a53-75b6-aaff-83ed9d6f7f4b","true","false"
"019e0488-9a53-7ce0-a5ad-5e05cfa5f1c7","sku","string","false","","true","019e0488-9a53-7dd4-91fb-42cbc0ac809a","019e0488-9a53-75b6-aaff-83ed9d6f7f4b","false","false"
"019e0488-9a53-7348-916f-7c7a57f09292","name","string","false","","false","019e0488-9a53-7dd4-91fb-42cbc0ac809a","019e0488-9a53-75b6-aaff-83ed9d6f7f4b","false","false"
"019e0488-9a53-7e99-82a5-3344b43eead4","description","string","true","","false","019e0488-9a53-7dd4-91fb-42cbc0ac809a","019e0488-9a53-75b6-aaff-83ed9d6f7f4b","false","false"
"019e0488-9a53-701e-8695-91be83e587fc","price","decimal","false","","true","019e0488-9a53-7dd4-91fb-42cbc0ac809a","019e0488-9a53-75b6-aaff-83ed9d6f7f4b","false","false"
"019e0488-9a53-7e9a-ac53-9cd1e754467d","currency","string","false","","false","019e0488-9a53-7dd4-91fb-42cbc0ac809a","019e0488-9a53-75b6-aaff-83ed9d6f7f4b","false","false"
"019e0488-9a53-754c-84d2-7fa97b4ab832","category_id","string","true","","false","019e0488-9a53-7dd4-91fb-42cbc0ac809a","019e0488-9a53-7154-a09b-cdc371ca11d6","false","false"
"019e0488-9a53-76b2-8e63-e759eb5bd335","is_active","boolean","false","","false","019e0488-9a53-7dd4-91fb-42cbc0ac809a","019e0488-9a53-7154-a09b-cdc371ca11d6","false","false"
"019e0488-9a53-712e-8cce-499944c96883","stock_quantity","number","true","","false","019e0488-9a53-7dd4-91fb-42cbc0ac809a","019e0488-9a53-7154-a09b-cdc371ca11d6","false","false"
"019e0488-9a53-7669-8836-34cf2a04f850","inventory_id","string","false","uuid","false","019e0488-9a53-7c5b-be3e-ae7933c031cf","019e0488-9a53-7f29-af9c-00ceda87d180","true","false"
"019e0488-9a53-7f70-ac3b-185923ae25cd","product_id","string","false","uuid","false","019e0488-9a53-7c5b-be3e-ae7933c031cf","019e0488-9a53-7f29-af9c-00ceda87d180","false","false"
"019e0488-9a53-7d1c-bb26-ae091212113b","warehouse_id","string","false","","false","019e0488-9a53-7c5b-be3e-ae7933c031cf","019e0488-9a53-7f29-af9c-00ceda87d180","false","false"
"019e0488-9a53-7f61-9e81-0b82f9507f48","quantity_on_hand","number","false","","false","019e0488-9a53-7c5b-be3e-ae7933c031cf","019e0488-9a53-7f29-af9c-00ceda87d180","false","false"
"019e0488-9a53-71fc-a1bf-23972db3d7b4","reorder_level","number","false","","false","019e0488-9a53-7c5b-be3e-ae7933c031cf","019e0488-9a53-7f29-af9c-00ceda87d180","false","false"
"019e0488-9a53-7ff2-8ac6-7ed238482a2c","last_stock_check","timestamp","true","","false","019e0488-9a53-7c5b-be3e-ae7933c031cf","019e0488-9a53-7f29-af9c-00ceda87d180","false","false"
"019e0488-9a53-7b0d-ba7f-a0efc403aa6f","date_id","number","false","","false","019e0488-9a53-75f7-86df-5d2d65f06b39","019e0488-9a53-742a-b846-c5671ba06141","true","false"
"019e0488-9a53-78de-b3d2-f64609d10143","date","date","false","","false","019e0488-9a53-75f7-86df-5d2d65f06b39","019e0488-9a53-742a-b846-c5671ba06141","false","false"
"019e0488-9a53-739c-bdc1-07bb9fda62b8","year","number","false","","false","019e0488-9a53-75f7-86df-5d2d65f06b39","019e0488-9a53-742a-b846-c5671ba06141","false","false"
"019e0488-9a53-7a40-afaf-925d75c099be","month","number","false","","false","019e0488-9a53-75f7-86df-5d2d65f06b39","019e0488-9a53-742a-b846-c5671ba06141","false","false"
"019e0488-9a53-75ab-ac9c-a7847b49dc80","day_of_month","number","false","","false","019e0488-9a53-75f7-86df-5d2d65f06b39","019e0488-9a53-742a-b846-c5671ba06141","false","false"
"019e0488-9a53-75d3-b069-09f0e5373aa5","quarter","number","false","","false","019e0488-9a53-75f7-86df-5d2d65f06b39","019e0488-9a53-742a-b846-c5671ba06141","false","false"
"019e0488-9a53-7ae3-a091-911b07d8ad22","week_of_year","number","false","","false","019e0488-9a53-75f7-86df-5d2d65f06b39","019e0488-9a53-742a-b846-c5671ba06141","false","false"
"019e0488-9a53-7249-b168-653ae04c7689","sales_id","string","false","uuid","false","019e0488-9a53-7a0c-89c2-98286166c79e","019e0488-9a53-7c53-af6d-dc1b3a108d85","true","false"
"019e0488-9a53-73af-bf86-0781665c6b4b","date_id","number","false","","false","019e0488-9a53-7a0c-89c2-98286166c79e","019e0488-9a53-7c53-af6d-dc1b3a108d85","false","false"
"019e0488-9a53-7a42-accf-28baac051b42","customer_id","string","false","","false","019e0488-9a53-7a0c-89c2-98286166c79e","019e0488-9a53-7c53-af6d-dc1b3a108d85","false","false"
"019e0488-9a53-7b5b-9d82-72b71a4d0b84","product_id","string","false","","false","019e0488-9a53-7a0c-89c2-98286166c79e","019e0488-9a53-7c53-af6d-dc1b3a108d85","false","false"
"019e0488-9a53-7ea2-b7fb-f6b784a216f2","quantity","number","false","","false","019e0488-9a53-7a0c-89c2-98286166c79e","019e0488-9a53-7c53-af6d-dc1b3a108d85","false","false"
"019e0488-9a53-7ac5-9baa-23a9c36cb22b","unit_price","decimal","false","","false","019e0488-9a53-7a0c-89c2-98286166c79e","019e0488-9a53-7c53-af6d-dc1b3a108d85","false","false"
"019e0488-9a53-717c-a902-dcf9e6727c9c","total_amount","decimal","false","","false","019e0488-9a53-7a0c-89c2-98286166c79e","019e0488-9a53-7c53-af6d-dc1b3a108d85","false","false"
"019e0488-9a53-7dd8-bb5f-edc2e22a2526","discount_percent","decimal","true","","false","019e0488-9a53-7a0c-89c2-98286166c79e","019e0488-9a53-79fd-a431-c423148a46dd","false","false"
"019e0488-9a53-7dfc-aa05-4423d0a3fef3","tax_amount","decimal","true","","false","019e0488-9a53-7a0c-89c2-98286166c79e","019e0488-9a53-79fd-a431-c423148a46dd","false","false"
"019e0488-9a53-70f5-8bde-6dd2ea4e50a4","region","string","true","","false","019e0488-9a53-7a0c-89c2-98286166c79e","019e0488-9a53-79fd-a431-c423148a46dd","false","false"
"019e0488-9a53-72f1-bbc9-e382943721af","event_id","string","false","uuid","false","019e0488-9a53-70a5-832e-12595a66faf5","019e0488-9a53-7d56-b002-29882bf5fed0","true","false"
"019e0488-9a53-7349-8432-e988600f75fa","user_id","string","false","","false","019e0488-9a53-70a5-832e-12595a66faf5","019e0488-9a53-7d56-b002-29882bf5fed0","false","false"
"019e0488-9a53-79dc-8e8f-91938b7d973e","page_url","string","false","","false","019e0488-9a53-70a5-832e-12595a66faf5","019e0488-9a53-7d56-b002-29882bf5fed0","false","false"
"019e0488-9a53-7551-89b1-5c2a1e67aa09","timestamp","timestamp","false","","false","019e0488-9a53-70a5-832e-12595a66faf5","019e0488-9a53-7d56-b002-29882bf5fed0","false","false"
"019e0488-9a53-7df0-bbf4-28d48dc9b2e6","session_id","string","false","","false","019e0488-9a53-70a5-832e-12595a66faf5","019e0488-9a53-7d56-b002-29882bf5fed0","false","false"
"019e0488-9a53-7247-9b9e-8d051310e2a4","page_title","string","true","","false","019e0488-9a53-70a5-832e-12595a66faf5","019e0488-9a53-7a80-a59e-edec85e33294","false","false"
"019e0488-9a53-735e-9927-f2d42f53fac1","referrer_url","string","true","","false","019e0488-9a53-70a5-832e-12595a66faf5","019e0488-9a53-7a80-a59e-edec85e33294","false","false"
"019e0488-9a53-7350-8495-bf52651ea599","device_type","string","true","","false","019e0488-9a53-70a5-832e-12595a66faf5","019e0488-9a53-7a80-a59e-edec85e33294","false","false"
"019e0488-9a53-725f-825c-98b781d3e00a","browser","string","true","","false","019e0488-9a53-70a5-832e-12595a66faf5","019e0488-9a53-7a80-a59e-edec85e33294","false","false"
"019e0488-9a53-743d-a1df-2819e08eb12f","event_id","string","false","uuid","false","019e0488-9a53-7080-85b2-6e6464c0d325","019e0488-9a53-7040-934c-8af1cd134d48","true","false"
"019e0488-9a53-7312-ac8c-6f18f6aff992","session_id","string","false","","false","019e0488-9a53-7080-85b2-6e6464c0d325","019e0488-9a53-7040-934c-8af1cd134d48","false","false"
"019e0488-9a53-7df9-bff1-32e60301afdd","user_id","string","false","","false","019e0488-9a53-7080-85b2-6e6464c0d325","019e0488-9a53-7040-934c-8af1cd134d48","false","false"
"019e0488-9a53-7702-ade8-415ed9c98b37","element_id","string","false","","false","019e0488-9a53-7080-85b2-6e6464c0d325","019e0488-9a53-7040-934c-8af1cd134d48","false","false"
"019e0488-9a53-7429-9c59-9090b681824d","element_text","string","true","","false","019e0488-9a53-7080-85b2-6e6464c0d325","019e0488-9a53-7040-934c-8af1cd134d48","false","false"
"019e0488-9a53-7671-ae24-57ea982e12ca","timestamp","timestamp","false","","false","019e0488-9a53-7080-85b2-6e6464c0d325","019e0488-9a53-7040-934c-8af1cd134d48","false","false"
"019e0488-9a53-7e12-b569-1fb496c2d1ca","country_id","string","false","uuid","false","019e0488-9a53-723a-be81-ed49cd179a05","019e0488-9a53-7eb7-92e7-b89dc6c5d7c8","true","false"
"019e0488-9a53-7247-a618-fc383ef67a67","iso_code","string","false","","false","019e0488-9a53-723a-be81-ed49cd179a05","019e0488-9a53-7eb7-92e7-b89dc6c5d7c8","false","false"
"019e0488-9a53-7088-842a-d8cf3abe0cae","iso_numeric","number","false","","false","019e0488-9a53-723a-be81-ed49cd179a05","019e0488-9a53-7eb7-92e7-b89dc6c5d7c8","false","false"
"019e0488-9a53-7eab-b5b7-c189de14815f","country_name","string","false","","false","019e0488-9a53-723a-be81-ed49cd179a05","019e0488-9a53-7eb7-92e7-b89dc6c5d7c8","false","false"
"019e0488-9a53-746a-85c3-d07a0f1d5851","region","string","true","","false","019e0488-9a53-723a-be81-ed49cd179a05","019e0488-9a53-7eb7-92e7-b89dc6c5d7c8","false","false"
"019e0488-9a53-7083-bc55-a86edee81aef","currency_code","string","true","","false","019e0488-9a53-723a-be81-ed49cd179a05","019e0488-9a53-7eb7-92e7-b89dc6c5d7c8","false","false"
"019e0488-9a53-74e1-843d-cddfdd82961b","currency_code","string","false","","false","019e0488-9a53-7b21-ba16-3b362baa4815","019e0488-9a53-74f6-8239-53533b102e70","true","false"
"019e0488-9a53-7561-844c-42d8bba67d8a","currency_name","string","false","","false","019e0488-9a53-7b21-ba16-3b362baa4815","019e0488-9a53-74f6-8239-53533b102e70","false","false"
"019e0488-9a53-72ed-ad5e-cc99b9544308","symbol","string","true","","false","019e0488-9a53-7b21-ba16-3b362baa4815","019e0488-9a53-74f6-8239-53533b102e70","false","false"
"019e0488-9a53-785d-91dd-6dd64ed77d69","decimal_places","number","false","","false","019e0488-9a53-7b21-ba16-3b362baa4815","019e0488-9a53-74f6-8239-53533b102e70","false","false"
"019e0488-9a53-7fcb-8db8-06fcfc99a57d","is_active","boolean","false","","false","019e0488-9a53-7b21-ba16-3b362baa4815","019e0488-9a53-74f6-8239-53533b102e70","false","false"
"019e0488-9a53-7024-a950-739afa490ea6","ticket_id","string","false","uuid","false","019e0488-9a53-7875-ab29-a6f5e2662452","019e0488-9a53-7dac-a94a-64225515bb48","true","false"
"019e0488-9a53-7070-8ec2-dedb457f0ddd","customer_id","string","false","uuid","false","019e0488-9a53-7875-ab29-a6f5e2662452","019e0488-9a53-7dac-a94a-64225515bb48","false","false"
"019e0488-9a53-7a9b-acdc-39785b97c12c","subject","string","false","","false","019e0488-9a53-7875-ab29-a6f5e2662452","019e0488-9a53-7dac-a94a-64225515bb48","false","false"
"019e0488-9a53-7bb7-9af6-44ce512ba1b9","description","string","true","","false","019e0488-9a53-7875-ab29-a6f5e2662452","019e0488-9a53-7dac-a94a-64225515bb48","false","false"
"019e0488-9a53-7a04-aa9b-a5de40644655","priority","string","false","","false","019e0488-9a53-7875-ab29-a6f5e2662452","019e0488-9a53-7dac-a94a-64225515bb48","false","false"
"019e0488-9a53-70fb-939a-b8962c272d34","status","string","false","","false","019e0488-9a53-7875-ab29-a6f5e2662452","019e0488-9a53-7dac-a94a-64225515bb48","false","false"
"019e0488-9a53-7248-bf30-daa16f17688e","created_at","timestamp","false","","false","019e0488-9a53-7875-ab29-a6f5e2662452","019e0488-9a53-7dac-a94a-64225515bb48","false","false"
"019e0488-9a53-788c-bf68-ef3c752933ca","resolved_at","timestamp","true","","false","019e0488-9a53-7875-ab29-a6f5e2662452","019e0488-9a53-7dac-a94a-64225515bb48","false","false"
"019e0488-9a53-7ab8-bbcf-253ce923cfa1","agent_id","string","false","uuid","false","019e0488-9a53-7990-85fb-950fb8d525a8","019e0488-9a53-746e-98c5-8399d132ff65","true","false"
"019e0488-9a53-78e7-95ef-3ea3d2df127d","agent_name","string","false","","false","019e0488-9a53-7990-85fb-950fb8d525a8","019e0488-9a53-746e-98c5-8399d132ff65","false","false"
"019e0488-9a53-7cb1-8bcd-6caf00b53998","email","string","false","email","false","019e0488-9a53-7990-85fb-950fb8d525a8","019e0488-9a53-746e-98c5-8399d132ff65","false","false"
"019e0488-9a53-7f8f-b7ef-5d35ebda57d1","department","string","false","","false","019e0488-9a53-7990-85fb-950fb8d525a8","019e0488-9a53-746e-98c5-8399d132ff65","false","false"
"019e0488-9a53-7616-ad94-de49d862e64a","is_available","boolean","false","","false","019e0488-9a53-7990-85fb-950fb8d525a8","019e0488-9a53-746e-98c5-8399d132ff65","false","false"
"019e0488-9a53-77f2-a784-962579801f74","assigned_tickets","number","false","","false","019e0488-9a53-7990-85fb-950fb8d525a8","019e0488-9a53-746e-98c5-8399d132ff65","false","false"
"019e0488-9a53-7ab8-b52f-f3045ba4a358","campaign_id","string","false","uuid","false","019e0488-9a53-75c0-8f05-efaf34cfd592","019e0488-9a53-7d56-bb46-0c8c98d2b7d2","true","false"
"019e0488-9a53-7396-aa15-78daab2a165e","campaign_name","string","false","","false","019e0488-9a53-75c0-8f05-efaf34cfd592","019e0488-9a53-7d56-bb46-0c8c98d2b7d2","false","false"
"019e0488-9a53-7e12-9832-d42ae7970495","campaign_type","string","false","","false","019e0488-9a53-75c0-8f05-efaf34cfd592","019e0488-9a53-7d56-bb46-0c8c98d2b7d2","false","false"
"019e0488-9a53-7d71-9e7d-f4eb3c22de34","target_audience","string","true","","false","019e0488-9a53-75c0-8f05-efaf34cfd592","019e0488-9a53-7d56-bb46-0c8c98d2b7d2","false","false"
"019e0488-9a53-7528-a95c-8b417dd581f3","start_date","date","false","","false","019e0488-9a53-75c0-8f05-efaf34cfd592","019e0488-9a53-7d56-bb46-0c8c98d2b7d2","false","false"
"019e0488-9a53-760f-a5e5-85ff4850cf0c","end_date","date","true","","false","019e0488-9a53-75c0-8f05-efaf34cfd592","019e0488-9a53-7d56-bb46-0c8c98d2b7d2","false","false"
"019e0488-9a53-7f42-a4bf-416631413568","budget_amount","decimal","false","","false","019e0488-9a53-75c0-8f05-efaf34cfd592","019e0488-9a53-7d56-bb46-0c8c98d2b7d2","false","false"
"019e0488-9a53-7c91-985b-53dcdc13124f","record_id","string","false","uuid","false","019e0488-9a53-7d9c-a5bf-8c653380ed37","019e0488-9a53-736e-97d2-d2b0d1991737","true","false"
"019e0488-9a53-717a-850e-cc6368b0e1c7","record_type","string","false","","false","019e0488-9a53-7d9c-a5bf-8c653380ed37","019e0488-9a53-736e-97d2-d2b0d1991737","false","false"
"019e0488-9a53-767b-ad07-e0dfc0c9d620","entity_id","string","false","","false","019e0488-9a53-7d9c-a5bf-8c653380ed37","019e0488-9a53-736e-97d2-d2b0d1991737","false","false"
"019e0488-9a53-72cf-bcf6-8f6bb9d4cd31","regulation","string","false","","false","019e0488-9a53-7d9c-a5bf-8c653380ed37","019e0488-9a53-736e-97d2-d2b0d1991737","false","false"
"019e0488-9a53-7191-908a-bd4c4bed048a","compliance_status","string","false","","false","019e0488-9a53-7d9c-a5bf-8c653380ed37","019e0488-9a53-736e-97d2-d2b0d1991737","false","false"
"019e0488-9a53-7f6e-bf61-a6e9528c3cb9","reviewed_by","string","true","","false","019e0488-9a53-7d9c-a5bf-8c653380ed37","019e0488-9a53-736e-97d2-d2b0d1991737","false","false"
"019e0488-9a53-7fd7-8021-6c6fe2af2bcc","review_date","date","true","","false","019e0488-9a53-7d9c-a5bf-8c653380ed37","019e0488-9a53-736e-97d2-d2b0d1991737","false","false"
"019e0488-9a53-7578-9056-63b470020846","last_audit","timestamp","true","","false","019e0488-9a53-7d9c-a5bf-8c653380ed37","019e0488-9a53-736e-97d2-d2b0d1991737","false","false"
"019e0488-9a53-76e9-b9cf-7a99fd4c1485","contact_id","string","false","uuid","false","019e0488-9a53-7203-b971-1ca3f76a4c1f","019e0488-9a53-7825-811b-761e3e99314c","true","false"
"019e0488-9a53-7d31-9800-cf108184b871","preferred_contact","string","true","","false","019e0488-9a53-7203-b971-1ca3f76a4c1f","019e0488-9a53-7825-811b-761e3e99314c","false","false"
"019e0488-9a53-7cad-91bc-3c052b20d129","last_contacted","timestamp","true","","false","019e0488-9a53-7203-b971-1ca3f76a4c1f","019e0488-9a53-7825-811b-761e3e99314c","false","false"
"019e0488-9a53-7ed7-946a-23e623c27611","contact_frequency","string","true","","false","019e0488-9a53-7203-b971-1ca3f76a4c1f","019e0488-9a53-7825-811b-761e3e99314c","false","false"
"019e0488-9a53-7863-b7c9-233afe328f82","inventory_id","string","false","uuid","false","019e0488-9a53-7c5b-be3e-ae7933c031cf","019e0488-9a53-7dbb-acde-8d30e45fd2fb","true","false"
"019e0488-9a53-718a-b215-22d479e55269","warehouse_location","string","true","","false","019e0488-9a53-7c5b-be3e-ae7933c031cf","019e0488-9a53-7dbb-acde-8d30e45fd2fb","false","false"
"019e0488-9a53-7a91-a575-24af45a73fc1","last_restocked","timestamp","true","","false","019e0488-9a53-7c5b-be3e-ae7933c031cf","019e0488-9a53-7dbb-acde-8d30e45fd2fb","false","false"
"019e0488-9a53-7207-82d1-6f6351b6ff50","restock_status","string","true","","false","019e0488-9a53-7c5b-be3e-ae7933c031cf","019e0488-9a53-7dbb-acde-8d30e45fd2fb","false","false"
"019e0488-9a53-7f46-8298-b03e8f3d01ba","fiscal_year","number","false","","false","019e0488-9a53-75f7-86df-5d2d65f06b39","019e0488-9a53-7610-9b56-fef2778ca70b","false","false"
"019e0488-9a53-7920-8235-33d4071d7334","day_of_week","string","false","","false","019e0488-9a53-75f7-86df-5d2d65f06b39","019e0488-9a53-7610-9b56-fef2778ca70b","false","false"
"019e0488-9a53-7722-9612-2594747dc79b","is_holiday","boolean","false","","false","019e0488-9a53-75f7-86df-5d2d65f06b39","019e0488-9a53-7610-9b56-fef2778ca70b","false","false"
"019e0488-9a53-7b27-9a45-c499405ab7e1","continent","string","true","","false","019e0488-9a53-723a-be81-ed49cd179a05","019e0488-9a53-7800-abc1-c7302f83e6ef","false","false"
"019e0488-9a53-71fc-8654-debf46b92c88","region_code","string","true","","false","019e0488-9a53-723a-be81-ed49cd179a05","019e0488-9a53-7800-abc1-c7302f83e6ef","false","false"
"019e0488-9a53-7324-874f-8e9deaa7f260","decimal_places","number","false","","false","019e0488-9a53-7b21-ba16-3b362baa4815","019e0488-9a53-7b7a-8b7e-db30bbce0048","false","false"
"019e0488-9a53-7da1-927a-f1cd02d6bafd","minor_unit_symbol","string","true","","false","019e0488-9a53-7b21-ba16-3b362baa4815","019e0488-9a53-7b7a-8b7e-db30bbce0048","false","false"
"019e0488-9a53-7675-8198-46137ddc5dfb","iso_numeric_code","string","false","","false","019e0488-9a53-7b21-ba16-3b362baa4815","019e0488-9a53-7b7a-8b7e-db30bbce0048","false","false"
"019e0488-9a53-7fd7-89f8-169a3bd1ddae","customer_id","string","false","uuid","true","019e0488-9a53-7c72-af10-87d726eef784","019e0488-9a53-7a7f-8cde-a785bd046bc9","true","false"
"019e0488-9a53-7b5d-9aad-6d0ac04c4080","email","string","false","email","true","019e0488-9a53-7c72-af10-87d726eef784","019e0488-9a53-7a7f-8cde-a785bd046bc9","false","false"
"019e0488-9a53-7dfb-a1d3-ebfa53788719","first_name","string","false","","false","019e0488-9a53-7c72-af10-87d726eef784","019e0488-9a53-7a7f-8cde-a785bd046bc9","false","false"
"019e0488-9a53-7b9d-a543-ded1f52a2c5c","last_name","string","false","","false","019e0488-9a53-7c72-af10-87d726eef784","019e0488-9a53-7a7f-8cde-a785bd046bc9","false","false"
"019e0488-9a53-7a49-8631-e5ef5e8cf235","created_at","timestamp","false","","false","019e0488-9a53-7c72-af10-87d726eef784","019e0488-9a53-7a7f-8cde-a785bd046bc9","false","false"
"019e0488-9a53-7ae9-9e66-0901d2c2aa6c","phone","string","true","phone","true","019e0488-9a53-7c72-af10-87d726eef784","019e0488-9a53-7a7f-8cde-a785bd046bc9","false","false"
"019e0488-9a53-7af7-9e8f-fbc0e55fe0bd","customer_segment","string","true","","false","019e0488-9a53-7c72-af10-87d726eef784","019e0488-9a53-7a7f-8cde-a785bd046bc9","false","false"
"019e0488-9a53-70c7-a9e7-01c944ba3a96","lifetime_value","decimal","true","","false","019e0488-9a53-7c72-af10-87d726eef784","019e0488-9a53-7a7f-8cde-a785bd046bc9","false","false"
"019e0488-9a53-77a4-85ef-57b535c26f70","order_id","string","false","uuid","true","019e0488-9a53-7a36-bc19-d93e75ef1e05","019e0488-9a53-7f31-9445-917a81329425","true","false"
"019e0488-9a53-7ce6-a68a-c0671f0b22b7","customer_id","string","false","uuid","true","019e0488-9a53-7a36-bc19-d93e75ef1e05","019e0488-9a53-7f31-9445-917a81329425","false","false"
"019e0488-9a53-73da-9f11-a7cc6e08f6c2","order_date","date","false","","false","019e0488-9a53-7a36-bc19-d93e75ef1e05","019e0488-9a53-7f31-9445-917a81329425","false","false"
"019e0488-9a53-7f1c-92fd-18d9ab9e483c","total_amount","decimal","false","","true","019e0488-9a53-7a36-bc19-d93e75ef1e05","019e0488-9a53-7f31-9445-917a81329425","false","false"
"019e0488-9a53-7d6a-b91b-e785841c72a1","status","string","false","","false","019e0488-9a53-7a36-bc19-d93e75ef1e05","019e0488-9a53-7f31-9445-917a81329425","false","false"
"019e0488-9a53-7373-b7d5-9e4605e05289","currency","string","false","","false","019e0488-9a53-7a36-bc19-d93e75ef1e05","019e0488-9a53-7f31-9445-917a81329425","false","false"
"019e0488-9a53-7e1f-92ac-bcc42be128c4","transaction_id","string","false","uuid","true","019e0488-9a53-785b-990e-2f4738a0f9eb","019e0488-9a53-76be-ab52-240e4250f6a4","true","false"
"019e0488-9a53-7800-b859-0c3843bf4bf4","order_id","string","false","uuid","true","019e0488-9a53-785b-990e-2f4738a0f9eb","019e0488-9a53-76be-ab52-240e4250f6a4","false","false"
"019e0488-9a53-788c-bb3b-990dadcc3093","amount","decimal","false","","true","019e0488-9a53-785b-990e-2f4738a0f9eb","019e0488-9a53-76be-ab52-240e4250f6a4","false","false"
"019e0488-9a53-7e0e-a2db-b014af41cea0","currency","string","false","","false","019e0488-9a53-785b-990e-2f4738a0f9eb","019e0488-9a53-76be-ab52-240e4250f6a4","false","false"
"019e0488-9a53-7903-9cc0-8a31fbc3f6eb","payment_method","string","false","","false","019e0488-9a53-785b-990e-2f4738a0f9eb","019e0488-9a53-76be-ab52-240e4250f6a4","false","false"
"019e0488-9a53-7cdc-95ee-f24b7115a505","status","string","false","","false","019e0488-9a53-785b-990e-2f4738a0f9eb","019e0488-9a53-76be-ab52-240e4250f6a4","false","false"
"019e0488-9a53-7e6c-bd91-998ebd52bce2","timestamp","timestamp","false","","false","019e0488-9a53-785b-990e-2f4738a0f9eb","019e0488-9a53-76be-ab52-240e4250f6a4","false","false"
"019e0488-9a53-7f82-bc85-cf57fc668c0e","transaction_id","string","false","uuid","true","019e0488-9a53-785b-990e-2f4738a0f9eb","019e0488-9a53-77fa-9a22-cff40798361e","true","false"
"019e0488-9a53-70ad-877e-04c870b6cb85","order_id","string","false","uuid","true","019e0488-9a53-785b-990e-2f4738a0f9eb","019e0488-9a53-77fa-9a22-cff40798361e","false","false"
"019e0488-9a53-7b12-a573-64a20edd41fd","amount","integer","false","","true","019e0488-9a53-785b-990e-2f4738a0f9eb","019e0488-9a53-77fa-9a22-cff40798361e","false","false"
"019e0488-9a53-72d6-b76e-3c4e969fa573","currency","string","false","","false","019e0488-9a53-785b-990e-2f4738a0f9eb","019e0488-9a53-77fa-9a22-cff40798361e","false","false"
"019e0488-9a53-785e-a7d7-c582817560fb","payment_method","string","false","","false","019e0488-9a53-785b-990e-2f4738a0f9eb","019e0488-9a53-77fa-9a22-cff40798361e","false","false"
"019e0488-9a53-7781-b4e2-aa73d21fe148","status","string","false","","false","019e0488-9a53-785b-990e-2f4738a0f9eb","019e0488-9a53-77fa-9a22-cff40798361e","false","false"
"019e0488-9a53-7240-be42-ab1dc43257dd","timestamp","timestamp","false","","false","019e0488-9a53-785b-990e-2f4738a0f9eb","019e0488-9a53-77fa-9a22-cff40798361e","false","false"
"019e0488-9a53-7962-8467-7186d14b344c","product_id","string","false","uuid","false","019e0488-9a53-7dd4-91fb-42cbc0ac809a","019e0488-9a53-7154-a09b-cdc371ca11d6","true","false"
"019e0488-9a53-763e-8851-a0ad2327193e","sku","string","false","","true","019e0488-9a53-7dd4-91fb-42cbc0ac809a","019e0488-9a53-7154-a09b-cdc371ca11d6","false","false"
"019e0488-9a53-7c2f-9fd5-1cf1fce5382f","name","string","false","","false","019e0488-9a53-7dd4-91fb-42cbc0ac809a","019e0488-9a53-7154-a09b-cdc371ca11d6","false","false"
"019e0488-9a53-7313-b5a2-99543ee8bfd9","description","string","true","","false","019e0488-9a53-7dd4-91fb-42cbc0ac809a","019e0488-9a53-7154-a09b-cdc371ca11d6","false","false"
"019e0488-9a53-7e9e-bfa0-d30974b30283","price","decimal","false","","true","019e0488-9a53-7dd4-91fb-42cbc0ac809a","019e0488-9a53-7154-a09b-cdc371ca11d6","false","false"
"019e0488-9a53-7bb8-a582-756bfa88a163","currency","string","false","","false","019e0488-9a53-7dd4-91fb-42cbc0ac809a","019e0488-9a53-7154-a09b-cdc371ca11d6","false","false"
"019e0488-9a53-7303-98c3-cf353c260246","sales_id","string","false","uuid","false","019e0488-9a53-7a0c-89c2-98286166c79e","019e0488-9a53-79fd-a431-c423148a46dd","true","false"
"019e0488-9a53-73fa-8314-7d813fc2d26c","date_id","number","false","","false","019e0488-9a53-7a0c-89c2-98286166c79e","019e0488-9a53-79fd-a431-c423148a46dd","false","false"
"019e0488-9a53-78b3-a3f4-26a916aecf1c","customer_id","string","false","","false","019e0488-9a53-7a0c-89c2-98286166c79e","019e0488-9a53-79fd-a431-c423148a46dd","false","false"
"019e0488-9a53-73b1-8bd3-2779d5af7d23","product_id","string","false","","false","019e0488-9a53-7a0c-89c2-98286166c79e","019e0488-9a53-79fd-a431-c423148a46dd","false","false"
"019e0488-9a53-750f-8c9d-e1dfe50b5d00","quantity","number","false","","false","019e0488-9a53-7a0c-89c2-98286166c79e","019e0488-9a53-79fd-a431-c423148a46dd","false","false"
"019e0488-9a53-764d-a4e8-e0911bc51d2d","unit_price","decimal","false","","false","019e0488-9a53-7a0c-89c2-98286166c79e","019e0488-9a53-79fd-a431-c423148a46dd","false","false"
"019e0488-9a53-7235-ab33-31099837c8ca","total_amount","decimal","false","","false","019e0488-9a53-7a0c-89c2-98286166c79e","019e0488-9a53-79fd-a431-c423148a46dd","false","false"
"019e0488-9a53-702f-8243-cd81a2934727","event_id","string","false","uuid","false","019e0488-9a53-70a5-832e-12595a66faf5","019e0488-9a53-7a80-a59e-edec85e33294","true","false"
"019e0488-9a53-7706-aa50-51292af97ac7","user_id","string","false","","false","019e0488-9a53-70a5-832e-12595a66faf5","019e0488-9a53-7a80-a59e-edec85e33294","false","false"
"019e0488-9a53-7ea5-9088-d95d3222fee8","page_url","string","false","","false","019e0488-9a53-70a5-832e-12595a66faf5","019e0488-9a53-7a80-a59e-edec85e33294","false","false"
"019e0488-9a53-7570-8fe8-33f38a22814c","timestamp","timestamp","false","","false","019e0488-9a53-70a5-832e-12595a66faf5","019e0488-9a53-7a80-a59e-edec85e33294","false","false"
"019e0488-9a53-727e-99c3-f02012a48829","session_id","string","false","","false","019e0488-9a53-70a5-832e-12595a66faf5","019e0488-9a53-7a80-a59e-edec85e33294","false","false"
"019e0488-9a53-732b-ad78-92b00b5a59df","customer_id","string","false","uuid","true","019e0488-9a53-7203-b971-1ca3f76a4c1f","019e0488-9a53-7825-811b-761e3e99314c","false","false"
"019e0488-9a53-7c10-9934-3a64e27090b6","contact_type","string","false","","false","019e0488-9a53-7203-b971-1ca3f76a4c1f","019e0488-9a53-7825-811b-761e3e99314c","false","false"
"019e0488-9a53-7f05-bd31-2d6bd1243137","phone_number","string","true","","true","019e0488-9a53-7203-b971-1ca3f76a4c1f","019e0488-9a53-7825-811b-761e3e99314c","false","false"
"019e0488-9a53-7961-be97-4c92ad681994","email_address","string","true","email","true","019e0488-9a53-7203-b971-1ca3f76a4c1f","019e0488-9a53-7825-811b-761e3e99314c","false","false"
"019e0488-9a53-756e-a474-1570bc84619a","is_primary","boolean","false","","false","019e0488-9a53-7203-b971-1ca3f76a4c1f","019e0488-9a53-7825-811b-761e3e99314c","false","false"
"019e0488-9a53-71f3-ab43-36af8a52c2d8","product_id","string","false","uuid","false","019e0488-9a53-7c5b-be3e-ae7933c031cf","019e0488-9a53-7dbb-acde-8d30e45fd2fb","false","false"
"019e0488-9a53-7c3f-a8c3-9e11fd13674c","warehouse_id","string","false","","false","019e0488-9a53-7c5b-be3e-ae7933c031cf","019e0488-9a53-7dbb-acde-8d30e45fd2fb","false","false"
"019e0488-9a53-78fb-8085-a602c4bed101","quantity_on_hand","number","false","","false","019e0488-9a53-7c5b-be3e-ae7933c031cf","019e0488-9a53-7dbb-acde-8d30e45fd2fb","false","false"
"019e0488-9a53-7882-a4c8-dee9421b1080","reorder_level","number","false","","false","019e0488-9a53-7c5b-be3e-ae7933c031cf","019e0488-9a53-7dbb-acde-8d30e45fd2fb","false","false"
"019e0488-9a53-795f-b3cc-d5264b0d2c63","date_id","number","false","","false","019e0488-9a53-75f7-86df-5d2d65f06b39","019e0488-9a53-7610-9b56-fef2778ca70b","true","false"
"019e0488-9a53-7520-9ec1-36f067b12f30","date","date","false","","false","019e0488-9a53-75f7-86df-5d2d65f06b39","019e0488-9a53-7610-9b56-fef2778ca70b","false","false"
"019e0488-9a53-714a-9751-c804b525d6a5","year","number","false","","false","019e0488-9a53-75f7-86df-5d2d65f06b39","019e0488-9a53-7610-9b56-fef2778ca70b","false","false"
"019e0488-9a53-7a29-bc5b-333560fcb444","month","number","false","","false","019e0488-9a53-75f7-86df-5d2d65f06b39","019e0488-9a53-7610-9b56-fef2778ca70b","false","false"
"019e0488-9a53-7d94-9e5d-263cca51d706","day_of_month","number","false","","false","019e0488-9a53-75f7-86df-5d2d65f06b39","019e0488-9a53-7610-9b56-fef2778ca70b","false","false"
"019e0488-9a53-777d-8243-bae8d08743b3","quarter","number","false","","false","019e0488-9a53-75f7-86df-5d2d65f06b39","019e0488-9a53-7610-9b56-fef2778ca70b","false","false"
"019e0488-9a53-7b0d-b089-6d86a466719d","country_id","string","false","uuid","false","019e0488-9a53-723a-be81-ed49cd179a05","019e0488-9a53-7800-abc1-c7302f83e6ef","true","false"
"019e0488-9a53-7a9c-99a1-90ad365120bb","iso_code","string","false","","false","019e0488-9a53-723a-be81-ed49cd179a05","019e0488-9a53-7800-abc1-c7302f83e6ef","false","false"
"019e0488-9a53-7127-a7e6-682198df271c","iso_numeric","number","false","","false","019e0488-9a53-723a-be81-ed49cd179a05","019e0488-9a53-7800-abc1-c7302f83e6ef","false","false"
"019e0488-9a53-7ae9-ba24-4e78a5f0a3ab","country_name","string","false","","false","019e0488-9a53-723a-be81-ed49cd179a05","019e0488-9a53-7800-abc1-c7302f83e6ef","false","false"
"019e0488-9a53-75b1-9f5d-1b37fbf36dbb","region","string","true","","false","019e0488-9a53-723a-be81-ed49cd179a05","019e0488-9a53-7800-abc1-c7302f83e6ef","false","false"
"019e0488-9a53-7996-81af-e21af193820b","currency_code","string","true","","false","019e0488-9a53-723a-be81-ed49cd179a05","019e0488-9a53-7800-abc1-c7302f83e6ef","false","false"
"019e0488-9a53-774d-8f05-b599f0d5e402","currency_code","string","false","","false","019e0488-9a53-7b21-ba16-3b362baa4815","019e0488-9a53-7b7a-8b7e-db30bbce0048","true","false"
"019e0488-9a53-726c-aacb-cf9bdb569fae","currency_name","string","false","","false","019e0488-9a53-7b21-ba16-3b362baa4815","019e0488-9a53-7b7a-8b7e-db30bbce0048","false","false"
"019e0488-9a53-7dd4-bbb3-79d030bdc8e5","symbol","string","true","","false","019e0488-9a53-7b21-ba16-3b362baa4815","019e0488-9a53-7b7a-8b7e-db30bbce0048","false","false"
"019e0488-9a53-7b13-a6fe-e8573e61ec59","is_active","boolean","false","","false","019e0488-9a53-7b21-ba16-3b362baa4815","019e0488-9a53-7b7a-8b7e-db30bbce0048","false","false"
